{
  "tightness": [
    1200,
    1600,
    2000,
    2400,
    2800,
    3200,
    3600,
    400,
    4000,
    800
  ],
  "main_frequencies": [
    3628.125,
    1727.9411764705883,
    1794.5945945945946,
    1681.8181818181818,
    1769.3548387096773,
    1906.060606060606,
    1835.2941176470588,
    1504.5454545454545,
    2059.6153846153848,
    2880.681818181818
  ],
  "spectral_centroids": [
    5299.925284131301,
    5233.360569957605,
    5389.395464358302,
    5324.556039126463,
    5483.88447876282,
    5249.853476594565,
    4854.012427755999,
    3070.3993469066463,
    5318.659961948492,
    3957.699664943083
  ]
}