{
  "tightness": [
    1200,
    1600,
    2000,
    2400,
    2800,
    3200,
    3600,
    400,
    4000,
    800
  ],
  "main_frequencies": [
    2414.0625,
    1727.9411764705883,
    1844.5945945945946,
    1680.6818181818182,
    1766.1290322580646,
    1921.2121212121212,
    1991.1764705882354,
    1582.9545454545455,
    2001.923076923077,
    2880.681818181818
  ],
  "spectral_centroids": [
    5349.204633149118,
    5297.878324915758,
    5565.1189070297305,
    5524.503715417363,
    5679.983308192448,
    5474.184995824347,
    5021.098140300604,
    3386.756273048627,
    5411.048312943379,
    4149.219261464259
  ]
}