{
  "tightness": [
    1200,
    1600,
    2000,
    2400,
    2800,
    3200,
    3600,
    400,
    4000,
    800
  ],
  "main_frequencies": [
    4158.482142857143,
    1188.6554621848738,
    1537.837837837838,
    1314.625850340136,
    1354.377880184332,
    1682.251082251082,
    1162.7906976744187,
    1714.6938775510203,
    1187.6373626373625,
    2925.5813953488378
  ],
  "spectral_centroids": [
    5198.144213080889,
    5160.940058955983,
    5386.314668040327,
    5472.500154198184,
    5521.124356690422,
    5280.807060647871,
    5077.149844202295,
    3865.3138020728247,
    5256.543513002969,
    4138.610261965541
  ]
}