{
  "accuracy": 0.8271604938271605,
  "best_accuracy": 0.9012345679012346,
  "best_epoch": 111,
  "num_classes": 10,
  "class_labels": [
    "400",
    "800",
    "1200",
    "1600",
    "2000",
    "2400",
    "2800",
    "3200",
    "3600",
    "4000"
  ],
  "train_samples": 321,
  "test_samples": 81,
  "feature_dim": 16,
  "model_architecture": {
    "hidden_sizes": [
      320,
      192,
      96,
      48
    ],
    "dropout_rate": 0.2,
    "epochs": 1200,
    "actual_epochs": 711,
    "batch_size": 20,
    "learning_rate": 0.0017,
    "early_stopping_patience": 600
  },
  "achieved_90_percent": true
}