{
  "main_frequency": {
    "correlation": -0.5510538071217415,
    "p_value": 0.09874155425314118,
    "slope": -0.44227641749202257,
    "intercept": 2795.701477369154,
    "r_squared": 0.30366029834336555
  },
  "spectral_centroid": {
    "correlation": 0.670910221095485,
    "p_value": 0.03369770890336511,
    "slope": 0.31319541047310095,
    "intercept": 4346.714890244908,
    "r_squared": 0.4501205247703926
  }
}