{
  "main_frequency": {
    "correlation": -0.30364394339199907,
    "p_value": 0.39370635985112756,
    "slope": -0.1654688171040918,
    "intercept": 2442.8345148933386,
    "r_squared": 0.09219964435864364
  },
  "spectral_centroid": {
    "correlation": 0.6288423533801978,
    "p_value": 0.05146235826738307,
    "slope": 0.4082561839176842,
    "intercept": 4020.011066829622,
    "r_squared": 0.3954427054047455
  }
}