{
  "main_frequency": {
    "correlation": -0.23299169096398814,
    "p_value": 0.5171086289324028,
    "slope": -0.07529426898375814,
    "intercept": 2146.783107150754,
    "r_squared": 0.05428512805825858
  },
  "spectral_centroid": {
    "correlation": 0.6469289353991501,
    "p_value": 0.043205839963239,
    "slope": 0.3947330618560763,
    "intercept": 4217.486851145196,
    "r_squared": 0.41851704745667784
  }
}